game_id,player_x_id,player_o_id,move_id,pre_state,move,post_state
1,2,8,1,---------,7,-------x-
1,2,8,2,-------x-,0,o------x-
1,2,8,3,o------x-,6,o-----xx-
1,2,8,4,o-----xx-,1,oo----xx-
1,2,8,5,oo----xx-,2,oox---xx-
1,2,8,6,oox---xx-,3,ooxo--xx-
1,2,8,7,ooxo--xx-,4,ooxox-xx-
2,2,8,1,---------,0,x--------
2,2,8,2,x--------,1,xo-------
2,2,8,3,xo-------,3,xo-x-----
2,2,8,4,xo-x-----,2,xoox-----
2,2,8,5,xoox-----,4,xooxx----
2,2,8,6,xooxx----,5,xooxxo---
2,2,8,7,xooxxo---,6,xooxxox--
3,2,8,1,---------,3,---x-----
3,2,8,2,---x-----,0,o--x-----
3,2,8,3,o--x-----,1,ox-x-----
3,2,8,4,ox-x-----,2,oxox-----
3,2,8,5,oxox-----,4,oxoxx----
3,2,8,6,oxoxx----,5,oxoxxo---
3,2,8,7,oxoxxo---,7,oxoxxo-x-
4,2,8,1,---------,6,------x--
4,2,8,2,------x--,0,o-----x--
4,2,8,3,o-----x--,2,o-x---x--
4,2,8,4,o-x---x--,1,oox---x--
4,2,8,5,oox---x--,4,oox-x-x--
5,2,8,1,---------,2,--x------
5,2,8,2,--x------,0,o-x------
5,2,8,3,o-x------,5,o-x--x---
5,2,8,4,o-x--x---,1,oox--x---
5,2,8,5,oox--x---,3,ooxx-x---
5,2,8,6,ooxx-x---,4,ooxxox---
5,2,8,7,ooxxox---,8,ooxxox--x
6,2,9,1,---------,6,------x--
6,2,9,2,------x--,3,---o--x--
6,2,9,3,---o--x--,4,---ox-x--
6,2,9,4,---ox-x--,0,o--ox-x--
6,2,9,5,o--ox-x--,1,ox-ox-x--
6,2,9,6,ox-ox-x--,2,oxoox-x--
6,2,9,7,oxoox-x--,7,oxoox-xx-
7,2,9,1,---------,2,--x------
7,2,9,2,--x------,1,-ox------
7,2,9,3,-ox------,4,-ox-x----
7,2,9,4,-ox-x----,0,oox-x----
7,2,9,5,oox-x----,3,ooxxx----
7,2,9,6,ooxxx----,5,ooxxxo---
7,2,9,7,ooxxxo---,6,ooxxxox--
8,2,9,1,---------,7,-------x-
8,2,9,2,-------x-,4,----o--x-
8,2,9,3,----o--x-,0,x---o--x-
8,2,9,4,x---o--x-,1,xo--o--x-
8,2,9,5,xo--o--x-,6,xo--o-xx-
8,2,9,6,xo--o-xx-,2,xoo-o-xx-
8,2,9,7,xoo-o-xx-,3,xooxo-xx-
9,2,9,1,---------,6,------x--
9,2,9,2,------x--,3,---o--x--
9,2,9,3,---o--x--,4,---ox-x--
9,2,9,4,---ox-x--,0,o--ox-x--
9,2,9,5,o--ox-x--,1,ox-ox-x--
9,2,9,6,ox-ox-x--,2,oxoox-x--
9,2,9,7,oxoox-x--,7,oxoox-xx-
10,2,9,1,---------,4,----x----
10,2,9,2,----x----,0,o---x----
10,2,9,3,o---x----,1,ox--x----
10,2,9,4,ox--x----,7,ox--x--o-
10,2,9,5,ox--x--o-,3,ox-xx--o-
10,2,9,6,ox-xx--o-,5,ox-xxo-o-
10,2,9,7,ox-xxo-o-,2,oxxxxo-o-
10,2,9,8,oxxxxo-o-,6,oxxxxooo-
10,2,9,9,oxxxxooo-,8,oxxxxooox
11,2,7,1,---------,7,-------x-
11,2,7,2,-------x-,0,o------x-
11,2,7,3,o------x-,6,o-----xx-
11,2,7,4,o-----xx-,3,o--o--xx-
11,2,7,5,o--o--xx-,1,ox-o--xx-
11,2,7,6,ox-o--xx-,5,ox-o-oxx-
11,2,7,7,ox-o-oxx-,4,ox-oxoxx-
12,2,7,1,---------,1,-x-------
12,2,7,2,-x-------,0,ox-------
12,2,7,3,ox-------,3,ox-x-----
12,2,7,4,ox-x-----,4,ox-xo----
12,2,7,5,ox-xo----,8,ox-xo---x
12,2,7,6,ox-xo---x,7,ox-xo--ox
12,2,7,7,ox-xo--ox,2,oxxxo--ox
12,2,7,8,oxxxo--ox,6,oxxxo-oox
12,2,7,9,oxxxo-oox,5,oxxxoxoox
13,2,7,1,---------,7,-------x-
13,2,7,2,-------x-,0,o------x-
13,2,7,3,o------x-,6,o-----xx-
13,2,7,4,o-----xx-,1,oo----xx-
13,2,7,5,oo----xx-,2,oox---xx-
13,2,7,6,oox---xx-,4,oox-o-xx-
13,2,7,7,oox-o-xx-,8,oox-o-xxx
14,2,7,1,---------,8,--------x
14,2,7,2,--------x,0,o-------x
14,2,7,3,o-------x,2,o-x-----x
14,2,7,4,o-x-----x,1,oox-----x
14,2,7,5,oox-----x,3,ooxx----x
14,2,7,6,ooxx----x,4,ooxxo---x
14,2,7,7,ooxxo---x,5,ooxxox--x
15,2,7,1,---------,8,--------x
15,2,7,2,--------x,0,o-------x
15,2,7,3,o-------x,2,o-x-----x
15,2,7,4,o-x-----x,6,o-x---o-x
15,2,7,5,o-x---o-x,5,o-x--xo-x
16,2,1,1,---------,2,--x------
16,2,1,2,--x------,0,o-x------
16,2,1,3,o-x------,5,o-x--x---
16,2,1,4,o-x--x---,6,o-x--xo--
16,2,1,5,o-x--xo--,3,o-xx-xo--
16,2,1,6,o-xx-xo--,8,o-xx-xo-o
16,2,1,7,o-xx-xo-o,4,o-xxxxo-o
17,2,1,1,---------,0,x--------
17,2,1,2,x--------,1,xo-------
17,2,1,3,xo-------,3,xo-x-----
17,2,1,4,xo-x-----,8,xo-x----o
17,2,1,5,xo-x----o,4,xo-xx---o
17,2,1,6,xo-xx---o,7,xo-xx--oo
17,2,1,7,xo-xx--oo,5,xo-xxx-oo
18,2,1,1,---------,3,---x-----
18,2,1,2,---x-----,1,-o-x-----
18,2,1,3,-o-x-----,0,xo-x-----
18,2,1,4,xo-x-----,2,xoox-----
18,2,1,5,xoox-----,4,xooxx----
18,2,1,6,xooxx----,5,xooxxo---
18,2,1,7,xooxxo---,6,xooxxox--
19,2,1,1,---------,4,----x----
19,2,1,2,----x----,2,--o-x----
19,2,1,3,--o-x----,0,x-o-x----
19,2,1,4,x-o-x----,3,x-oox----
19,2,1,5,x-oox----,1,xxoox----
19,2,1,6,xxoox----,6,xxoox-o--
19,2,1,7,xxoox-o--,5,xxooxxo--
19,2,1,8,xxooxxo--,7,xxooxxoo-
19,2,1,9,xxooxxoo-,8,xxooxxoox
20,2,1,1,---------,0,x--------
20,2,1,2,x--------,1,xo-------
20,2,1,3,xo-------,3,xo-x-----
20,2,1,4,xo-x-----,6,xo-x--o--
20,2,1,5,xo-x--o--,4,xo-xx-o--
20,2,1,6,xo-xx-o--,2,xooxx-o--
20,2,1,7,xooxx-o--,5,xooxxxo--
21,2,6,1,---------,0,x--------
21,2,6,2,x--------,2,x-o------
21,2,6,3,x-o------,3,x-ox-----
21,2,6,4,x-ox-----,8,x-ox----o
21,2,6,5,x-ox----o,5,x-ox-x--o
21,2,6,6,x-ox-x--o,1,xoox-x--o
21,2,6,7,xoox-x--o,4,xooxxx--o
22,2,6,1,---------,4,----x----
22,2,6,2,----x----,0,o---x----
22,2,6,3,o---x----,1,ox--x----
22,2,6,4,ox--x----,3,ox-ox----
22,2,6,5,ox-ox----,6,ox-ox-x--
22,2,6,6,ox-ox-x--,2,oxoox-x--
22,2,6,7,oxoox-x--,7,oxoox-xx-
23,2,6,1,---------,1,-x-------
23,2,6,2,-x-------,0,ox-------
23,2,6,3,ox-------,3,ox-x-----
23,2,6,4,ox-x-----,4,ox-xo----
23,2,6,5,ox-xo----,8,ox-xo---x
23,2,6,6,ox-xo---x,2,oxoxo---x
23,2,6,7,oxoxo---x,6,oxoxo-x-x
23,2,6,8,oxoxo-x-x,7,oxoxo-xox
23,2,6,9,oxoxo-xox,5,oxoxoxxox
24,2,6,1,---------,3,---x-----
24,2,6,2,---x-----,0,o--x-----
24,2,6,3,o--x-----,1,ox-x-----
24,2,6,4,ox-x-----,4,ox-xo----
24,2,6,5,ox-xo----,8,ox-xo---x
24,2,6,6,ox-xo---x,2,oxoxo---x
24,2,6,7,oxoxo---x,6,oxoxo-x-x
24,2,6,8,oxoxo-x-x,7,oxoxo-xox
24,2,6,9,oxoxo-xox,5,oxoxoxxox
25,2,6,1,---------,3,---x-----
25,2,6,2,---x-----,0,o--x-----
25,2,6,3,o--x-----,1,ox-x-----
25,2,6,4,ox-x-----,4,ox-xo----
25,2,6,5,ox-xo----,8,ox-xo---x
25,2,6,6,ox-xo---x,2,oxoxo---x
25,2,6,7,oxoxo---x,6,oxoxo-x-x
25,2,6,8,oxoxo-x-x,7,oxoxo-xox
25,2,6,9,oxoxo-xox,5,oxoxoxxox
26,2,10,1,---------,5,-----x---
26,2,10,2,-----x---,1,-o---x---
26,2,10,3,-o---x---,2,-ox--x---
26,2,10,4,-ox--x---,6,-ox--xo--
26,2,10,5,-ox--xo--,3,-oxx-xo--
26,2,10,6,-oxx-xo--,7,-oxx-xoo-
26,2,10,7,-oxx-xoo-,4,-oxxxxoo-
27,2,10,1,---------,1,-x-------
27,2,10,2,-x-------,6,-x----o--
27,2,10,3,-x----o--,0,xx----o--
27,2,10,4,xx----o--,2,xxo---o--
27,2,10,5,xxo---o--,4,xxo-x-o--
27,2,10,6,xxo-x-o--,5,xxo-xoo--
27,2,10,7,xxo-xoo--,7,xxo-xoox-
28,2,10,1,---------,6,------x--
28,2,10,2,------x--,0,o-----x--
28,2,10,3,o-----x--,2,o-x---x--
28,2,10,4,o-x---x--,8,o-x---x-o
28,2,10,5,o-x---x-o,4,o-x-x-x-o
29,2,10,1,---------,5,-----x---
29,2,10,2,-----x---,3,---o-x---
29,2,10,3,---o-x---,0,x--o-x---
29,2,10,4,x--o-x---,1,xo-o-x---
29,2,10,5,xo-o-x---,8,xo-o-x--x
29,2,10,6,xo-o-x--x,2,xooo-x--x
29,2,10,7,xooo-x--x,4,xoooxx--x
30,2,10,1,---------,5,-----x---
30,2,10,2,-----x---,1,-o---x---
30,2,10,3,-o---x---,2,-ox--x---
30,2,10,4,-ox--x---,8,-ox--x--o
30,2,10,5,-ox--x--o,4,-ox-xx--o
30,2,10,6,-ox-xx--o,0,oox-xx--o
30,2,10,7,oox-xx--o,3,ooxxxx--o
31,1,2,1,---------,7,-------x-
31,1,2,2,-------x-,1,-o-----x-
31,1,2,3,-o-----x-,8,-o-----xx
31,1,2,4,-o-----xx,6,-o----oxx
31,1,2,5,-o----oxx,2,-ox---oxx
31,1,2,6,-ox---oxx,5,-ox--ooxx
31,1,2,7,-ox--ooxx,4,-ox-xooxx
31,1,2,8,-ox-xooxx,0,oox-xooxx
31,1,2,9,oox-xooxx,3,ooxxxooxx
32,1,2,1,---------,2,--x------
32,1,2,2,--x------,4,--x-o----
32,1,2,3,--x-o----,3,--xxo----
32,1,2,4,--xxo----,0,o-xxo----
32,1,2,5,o-xxo----,6,o-xxo-x--
32,1,2,6,o-xxo-x--,1,ooxxo-x--
32,1,2,7,ooxxo-x--,5,ooxxoxx--
32,1,2,8,ooxxoxx--,7,ooxxoxxo-
33,1,2,1,---------,4,----x----
33,1,2,2,----x----,0,o---x----
33,1,2,3,o---x----,8,o---x---x
33,1,2,4,o---x---x,2,o-o-x---x
33,1,2,5,o-o-x---x,1,oxo-x---x
33,1,2,6,oxo-x---x,7,oxo-x--ox
33,1,2,7,oxo-x--ox,5,oxo-xx-ox
33,1,2,8,oxo-xx-ox,3,oxooxx-ox
33,1,2,9,oxooxx-ox,6,oxooxxxox
34,1,2,1,---------,6,------x--
34,1,2,2,------x--,4,----o-x--
34,1,2,3,----o-x--,7,----o-xx-
34,1,2,4,----o-xx-,8,----o-xxo
34,1,2,5,----o-xxo,1,-x--o-xxo
34,1,2,6,-x--o-xxo,0,ox--o-xxo
35,1,2,1,---------,3,---x-----
35,1,2,2,---x-----,0,o--x-----
35,1,2,3,o--x-----,1,ox-x-----
35,1,2,4,ox-x-----,4,ox-xo----
35,1,2,5,ox-xo----,8,ox-xo---x
35,1,2,6,ox-xo---x,2,oxoxo---x
35,1,2,7,oxoxo---x,6,oxoxo-x-x
35,1,2,8,oxoxo-x-x,7,oxoxo-xox
35,1,2,9,oxoxo-xox,5,oxoxoxxox
36,5,2,1,---------,8,--------x
36,5,2,2,--------x,4,----o---x
36,5,2,3,----o---x,7,----o--xx
36,5,2,4,----o--xx,6,----o-oxx
36,5,2,5,----o-oxx,3,---xo-oxx
36,5,2,6,---xo-oxx,2,--oxo-oxx
37,5,2,1,---------,8,--------x
37,5,2,2,--------x,4,----o---x
37,5,2,3,----o---x,7,----o--xx
37,5,2,4,----o--xx,6,----o-oxx
37,5,2,5,----o-oxx,5,----oxoxx
37,5,2,6,----oxoxx,2,--o-oxoxx
38,5,2,1,---------,8,--------x
38,5,2,2,--------x,4,----o---x
38,5,2,3,----o---x,7,----o--xx
38,5,2,4,----o--xx,6,----o-oxx
38,5,2,5,----o-oxx,5,----oxoxx
38,5,2,6,----oxoxx,2,--o-oxoxx
39,5,2,1,---------,8,--------x
39,5,2,2,--------x,4,----o---x
39,5,2,3,----o---x,7,----o--xx
39,5,2,4,----o--xx,6,----o-oxx
39,5,2,5,----o-oxx,5,----oxoxx
39,5,2,6,----oxoxx,2,--o-oxoxx
40,5,2,1,---------,8,--------x
40,5,2,2,--------x,4,----o---x
40,5,2,3,----o---x,7,----o--xx
40,5,2,4,----o--xx,6,----o-oxx
40,5,2,5,----o-oxx,5,----oxoxx
40,5,2,6,----oxoxx,2,--o-oxoxx
41,6,2,1,---------,0,x--------
41,6,2,2,x--------,4,x---o----
41,6,2,3,x---o----,1,xx--o----
41,6,2,4,xx--o----,2,xxo-o----
41,6,2,5,xxo-o----,7,xxo-o--x-
41,6,2,6,xxo-o--x-,3,xxooo--x-
41,6,2,7,xxooo--x-,5,xxooox-x-
41,6,2,8,xxooox-x-,6,xxoooxox-
42,6,2,1,---------,0,x--------
42,6,2,2,x--------,4,x---o----
42,6,2,3,x---o----,1,xx--o----
42,6,2,4,xx--o----,2,xxo-o----
42,6,2,5,xxo-o----,7,xxo-o--x-
42,6,2,6,xxo-o--x-,3,xxooo--x-
42,6,2,7,xxooo--x-,5,xxooox-x-
42,6,2,8,xxooox-x-,6,xxoooxox-
43,6,2,1,---------,0,x--------
43,6,2,2,x--------,4,x---o----
43,6,2,3,x---o----,1,xx--o----
43,6,2,4,xx--o----,2,xxo-o----
43,6,2,5,xxo-o----,8,xxo-o---x
43,6,2,6,xxo-o---x,3,xxooo---x
43,6,2,7,xxooo---x,5,xxooox--x
43,6,2,8,xxooox--x,6,xxoooxo-x
44,6,2,1,---------,0,x--------
44,6,2,2,x--------,4,x---o----
44,6,2,3,x---o----,1,xx--o----
44,6,2,4,xx--o----,2,xxo-o----
44,6,2,5,xxo-o----,6,xxo-o-x--
44,6,2,6,xxo-o-x--,3,xxooo-x--
44,6,2,7,xxooo-x--,5,xxoooxx--
44,6,2,8,xxoooxx--,7,xxoooxxo-
44,6,2,9,xxoooxxo-,8,xxoooxxox
45,6,2,1,---------,0,x--------
45,6,2,2,x--------,4,x---o----
45,6,2,3,x---o----,1,xx--o----
45,6,2,4,xx--o----,2,xxo-o----
45,6,2,5,xxo-o----,7,xxo-o--x-
45,6,2,6,xxo-o--x-,3,xxooo--x-
45,6,2,7,xxooo--x-,5,xxooox-x-
45,6,2,8,xxooox-x-,6,xxoooxox-
46,8,2,1,---------,0,x--------
46,8,2,2,x--------,4,x---o----
46,8,2,3,x---o----,1,xx--o----
46,8,2,4,xx--o----,2,xxo-o----
46,8,2,5,xxo-o----,3,xxoxo----
46,8,2,6,xxoxo----,6,xxoxo-o--
47,8,2,1,---------,0,x--------
47,8,2,2,x--------,4,x---o----
47,8,2,3,x---o----,1,xx--o----
47,8,2,4,xx--o----,2,xxo-o----
47,8,2,5,xxo-o----,3,xxoxo----
47,8,2,6,xxoxo----,6,xxoxo-o--
48,8,2,1,---------,0,x--------
48,8,2,2,x--------,4,x---o----
48,8,2,3,x---o----,1,xx--o----
48,8,2,4,xx--o----,2,xxo-o----
48,8,2,5,xxo-o----,3,xxoxo----
48,8,2,6,xxoxo----,6,xxoxo-o--
49,8,2,1,---------,0,x--------
49,8,2,2,x--------,4,x---o----
49,8,2,3,x---o----,1,xx--o----
49,8,2,4,xx--o----,2,xxo-o----
49,8,2,5,xxo-o----,3,xxoxo----
49,8,2,6,xxoxo----,6,xxoxo-o--
50,8,2,1,---------,0,x--------
50,8,2,2,x--------,4,x---o----
50,8,2,3,x---o----,1,xx--o----
50,8,2,4,xx--o----,2,xxo-o----
50,8,2,5,xxo-o----,3,xxoxo----
50,8,2,6,xxoxo----,6,xxoxo-o--
51,9,2,1,---------,0,x--------
51,9,2,2,x--------,4,x---o----
51,9,2,3,x---o----,1,xx--o----
51,9,2,4,xx--o----,2,xxo-o----
51,9,2,5,xxo-o----,6,xxo-o-x--
51,9,2,6,xxo-o-x--,3,xxooo-x--
51,9,2,7,xxooo-x--,5,xxoooxx--
51,9,2,8,xxoooxx--,7,xxoooxxo-
51,9,2,9,xxoooxxo-,8,xxoooxxox
52,9,2,1,---------,0,x--------
52,9,2,2,x--------,4,x---o----
52,9,2,3,x---o----,1,xx--o----
52,9,2,4,xx--o----,2,xxo-o----
52,9,2,5,xxo-o----,6,xxo-o-x--
52,9,2,6,xxo-o-x--,3,xxooo-x--
52,9,2,7,xxooo-x--,5,xxoooxx--
52,9,2,8,xxoooxx--,7,xxoooxxo-
52,9,2,9,xxoooxxo-,8,xxoooxxox
53,9,2,1,---------,0,x--------
53,9,2,2,x--------,4,x---o----
53,9,2,3,x---o----,1,xx--o----
53,9,2,4,xx--o----,2,xxo-o----
53,9,2,5,xxo-o----,6,xxo-o-x--
53,9,2,6,xxo-o-x--,3,xxooo-x--
53,9,2,7,xxooo-x--,5,xxoooxx--
53,9,2,8,xxoooxx--,7,xxoooxxo-
53,9,2,9,xxoooxxo-,8,xxoooxxox
54,9,2,1,---------,0,x--------
54,9,2,2,x--------,4,x---o----
54,9,2,3,x---o----,1,xx--o----
54,9,2,4,xx--o----,2,xxo-o----
54,9,2,5,xxo-o----,6,xxo-o-x--
54,9,2,6,xxo-o-x--,3,xxooo-x--
54,9,2,7,xxooo-x--,5,xxoooxx--
54,9,2,8,xxoooxx--,7,xxoooxxo-
54,9,2,9,xxoooxxo-,8,xxoooxxox
55,9,2,1,---------,0,x--------
55,9,2,2,x--------,4,x---o----
55,9,2,3,x---o----,1,xx--o----
55,9,2,4,xx--o----,2,xxo-o----
55,9,2,5,xxo-o----,6,xxo-o-x--
55,9,2,6,xxo-o-x--,3,xxooo-x--
55,9,2,7,xxooo-x--,5,xxoooxx--
55,9,2,8,xxoooxx--,7,xxoooxxo-
55,9,2,9,xxoooxxo-,8,xxoooxxox
56,7,2,1,---------,0,x--------
56,7,2,2,x--------,4,x---o----
56,7,2,3,x---o----,7,x---o--x-
56,7,2,4,x---o--x-,3,x--oo--x-
56,7,2,5,x--oo--x-,6,x--oo-xx-
56,7,2,6,x--oo-xx-,5,x--oooxx-
57,7,2,1,---------,0,x--------
57,7,2,2,x--------,4,x---o----
57,7,2,3,x---o----,7,x---o--x-
57,7,2,4,x---o--x-,3,x--oo--x-
57,7,2,5,x--oo--x-,5,x--oox-x-
57,7,2,6,x--oox-x-,2,x-ooox-x-
57,7,2,7,x-ooox-x-,6,x-oooxxx-
57,7,2,8,x-oooxxx-,8,x-oooxxxo
57,7,2,9,x-oooxxxo,1,xxoooxxxo
58,7,2,1,---------,0,x--------
58,7,2,2,x--------,4,x---o----
58,7,2,3,x---o----,6,x---o-x--
58,7,2,4,x---o-x--,3,x--oo-x--
58,7,2,5,x--oo-x--,1,xx-oo-x--
58,7,2,6,xx-oo-x--,5,xx-ooox--
59,7,2,1,---------,0,x--------
59,7,2,2,x--------,4,x---o----
59,7,2,3,x---o----,2,x-x-o----
59,7,2,4,x-x-o----,1,xox-o----
59,7,2,5,xox-o----,8,xox-o---x
59,7,2,6,xox-o---x,5,xox-oo--x
59,7,2,7,xox-oo--x,6,xox-oox-x
59,7,2,8,xox-oox-x,3,xoxooox-x
60,7,2,1,---------,0,x--------
60,7,2,2,x--------,4,x---o----
60,7,2,3,x---o----,8,x---o---x
60,7,2,4,x---o---x,1,xo--o---x
60,7,2,5,xo--o---x,7,xo--o--xx
60,7,2,6,xo--o--xx,6,xo--o-oxx
60,7,2,7,xo--o-oxx,2,xox-o-oxx
60,7,2,8,xox-o-oxx,5,xox-oooxx
60,7,2,9,xox-oooxx,3,xoxxoooxx
61,3,7,1,---------,2,--x------
61,3,7,2,--x------,0,o-x------
61,3,7,3,o-x------,5,o-x--x---
61,3,7,4,o-x--x---,1,oox--x---
61,3,7,5,oox--x---,3,ooxx-x---
61,3,7,6,ooxx-x---,4,ooxxox---
61,3,7,7,ooxxox---,8,ooxxox--x
62,3,7,1,---------,7,-------x-
62,3,7,2,-------x-,0,o------x-
62,3,7,3,o------x-,6,o-----xx-
62,3,7,4,o-----xx-,4,o---o-xx-
62,3,7,5,o---o-xx-,8,o---o-xxx
63,3,7,1,---------,7,-------x-
63,3,7,2,-------x-,0,o------x-
63,3,7,3,o------x-,6,o-----xx-
63,3,7,4,o-----xx-,5,o----oxx-
63,3,7,5,o----oxx-,1,ox---oxx-
63,3,7,6,ox---oxx-,2,oxo--oxx-
63,3,7,7,oxo--oxx-,4,oxo-xoxx-
64,3,7,1,---------,0,x--------
64,3,7,2,x--------,8,x-------o
64,3,7,3,x-------o,2,x-x-----o
64,3,7,4,x-x-----o,5,x-x--o--o
64,3,7,5,x-x--o--o,1,xxx--o--o
65,3,7,1,---------,3,---x-----
65,3,7,2,---x-----,0,o--x-----
65,3,7,3,o--x-----,1,ox-x-----
65,3,7,4,ox-x-----,2,oxox-----
65,3,7,5,oxox-----,6,oxox--x--
65,3,7,6,oxox--x--,8,oxox--x-o
65,3,7,7,oxox--x-o,4,oxoxx-x-o
65,3,7,8,oxoxx-x-o,5,oxoxxox-o
66,3,10,1,---------,8,--------x
66,3,10,2,--------x,3,---o----x
66,3,10,3,---o----x,2,--xo----x
66,3,10,4,--xo----x,4,--xoo---x
66,3,10,5,--xoo---x,5,--xoox--x
67,3,10,1,---------,2,--x------
67,3,10,2,--x------,5,--x--o---
67,3,10,3,--x--o---,0,x-x--o---
67,3,10,4,x-x--o---,8,x-x--o--o
67,3,10,5,x-x--o--o,1,xxx--o--o
68,3,10,1,---------,1,-x-------
68,3,10,2,-x-------,5,-x---o---
68,3,10,3,-x---o---,2,-xx--o---
68,3,10,4,-xx--o---,0,oxx--o---
68,3,10,5,oxx--o---,4,oxx-xo---
68,3,10,6,oxx-xo---,7,oxx-xo-o-
68,3,10,7,oxx-xo-o-,6,oxx-xoxo-
69,3,10,1,---------,2,--x------
69,3,10,2,--x------,7,--x----o-
69,3,10,3,--x----o-,0,x-x----o-
69,3,10,4,x-x----o-,5,x-x--o-o-
69,3,10,5,x-x--o-o-,1,xxx--o-o-
70,3,10,1,---------,4,----x----
70,3,10,2,----x----,7,----x--o-
70,3,10,3,----x--o-,0,x---x--o-
70,3,10,4,x---x--o-,3,x--ox--o-
70,3,10,5,x--ox--o-,1,xx-ox--o-
70,3,10,6,xx-ox--o-,8,xx-ox--oo
70,3,10,7,xx-ox--oo,2,xxxox--oo
71,3,1,1,---------,6,------x--
71,3,1,2,------x--,4,----o-x--
71,3,1,3,----o-x--,3,---xo-x--
71,3,1,4,---xo-x--,2,--oxo-x--
71,3,1,5,--oxo-x--,0,x-oxo-x--
72,3,1,1,---------,5,-----x---
72,3,1,2,-----x---,0,o----x---
72,3,1,3,o----x---,2,o-x--x---
72,3,1,4,o-x--x---,6,o-x--xo--
72,3,1,5,o-x--xo--,3,o-xx-xo--
72,3,1,6,o-xx-xo--,8,o-xx-xo-o
72,3,1,7,o-xx-xo-o,4,o-xxxxo-o
73,3,1,1,---------,6,------x--
73,3,1,2,------x--,5,-----ox--
73,3,1,3,-----ox--,0,x----ox--
73,3,1,4,x----ox--,2,x-o--ox--
73,3,1,5,x-o--ox--,3,x-ox-ox--
74,3,1,1,---------,1,-x-------
74,3,1,2,-x-------,4,-x--o----
74,3,1,3,-x--o----,0,xx--o----
74,3,1,4,xx--o----,2,xxo-o----
74,3,1,5,xxo-o----,6,xxo-o-x--
74,3,1,6,xxo-o-x--,5,xxo-oox--
74,3,1,7,xxo-oox--,3,xxoxoox--
75,3,1,1,---------,6,------x--
75,3,1,2,------x--,5,-----ox--
75,3,1,3,-----ox--,0,x----ox--
75,3,1,4,x----ox--,2,x-o--ox--
75,3,1,5,x-o--ox--,3,x-ox-ox--
76,3,5,1,---------,8,--------x
76,3,5,2,--------x,7,-------ox
76,3,5,3,-------ox,2,--x----ox
76,3,5,4,--x----ox,6,--x---oox
76,3,5,5,--x---oox,0,x-x---oox
76,3,5,6,x-x---oox,5,x-x--ooox
76,3,5,7,x-x--ooox,1,xxx--ooox
77,3,5,1,---------,3,---x-----
77,3,5,2,---x-----,8,---x----o
77,3,5,3,---x----o,6,---x--x-o
77,3,5,4,---x--x-o,7,---x--xoo
77,3,5,5,---x--xoo,0,x--x--xoo
78,3,5,1,---------,4,----x----
78,3,5,2,----x----,6,----x-o--
78,3,5,3,----x-o--,0,x---x-o--
78,3,5,4,x---x-o--,8,x---x-o-o
78,3,5,5,x---x-o-o,7,x---x-oxo
78,3,5,6,x---x-oxo,5,x---xooxo
78,3,5,7,x---xooxo,1,xx--xooxo
79,3,5,1,---------,7,-------x-
79,3,5,2,-------x-,8,-------xo
79,3,5,3,-------xo,0,x------xo
79,3,5,4,x------xo,6,x-----oxo
79,3,5,5,x-----oxo,1,xx----oxo
79,3,5,6,xx----oxo,5,xx---ooxo
79,3,5,7,xx---ooxo,2,xxx--ooxo
80,3,5,1,---------,7,-------x-
80,3,5,2,-------x-,8,-------xo
80,3,5,3,-------xo,3,---x---xo
80,3,5,4,---x---xo,6,---x--oxo
80,3,5,5,---x--oxo,4,---xx-oxo
80,3,5,6,---xx-oxo,5,---xxooxo
80,3,5,7,---xxooxo,1,-x-xxooxo
81,3,6,1,---------,8,--------x
81,3,6,2,--------x,0,o-------x
81,3,6,3,o-------x,2,o-x-----x
81,3,6,4,o-x-----x,5,o-x--o--x
81,3,6,5,o-x--o--x,6,o-x--ox-x
81,3,6,6,o-x--ox-x,3,o-xo-ox-x
81,3,6,7,o-xo-ox-x,4,o-xoxox-x
82,3,6,1,---------,5,-----x---
82,3,6,2,-----x---,0,o----x---
82,3,6,3,o----x---,2,o-x--x---
82,3,6,4,o-x--x---,1,oox--x---
82,3,6,5,oox--x---,3,ooxx-x---
82,3,6,6,ooxx-x---,4,ooxxox---
82,3,6,7,ooxxox---,8,ooxxox--x
83,3,6,1,---------,5,-----x---
83,3,6,2,-----x---,0,o----x---
83,3,6,3,o----x---,2,o-x--x---
83,3,6,4,o-x--x---,1,oox--x---
83,3,6,5,oox--x---,3,ooxx-x---
83,3,6,6,ooxx-x---,4,ooxxox---
83,3,6,7,ooxxox---,8,ooxxox--x
84,3,6,1,---------,0,x--------
84,3,6,2,x--------,2,x-o------
84,3,6,3,x-o------,3,x-ox-----
84,3,6,4,x-ox-----,5,x-ox-o---
84,3,6,5,x-ox-o---,6,x-ox-ox--
85,3,6,1,---------,5,-----x---
85,3,6,2,-----x---,0,o----x---
85,3,6,3,o----x---,2,o-x--x---
85,3,6,4,o-x--x---,1,oox--x---
85,3,6,5,oox--x---,8,oox--x--x
86,3,9,1,---------,7,-------x-
86,3,9,2,-------x-,4,----o--x-
86,3,9,3,----o--x-,0,x---o--x-
86,3,9,4,x---o--x-,1,xo--o--x-
86,3,9,5,xo--o--x-,6,xo--o-xx-
86,3,9,6,xo--o-xx-,2,xoo-o-xx-
86,3,9,7,xoo-o-xx-,3,xooxo-xx-
87,3,9,1,---------,0,x--------
87,3,9,2,x--------,1,xo-------
87,3,9,3,xo-------,3,xo-x-----
87,3,9,4,xo-x-----,2,xoox-----
87,3,9,5,xoox-----,4,xooxx----
87,3,9,6,xooxx----,5,xooxxo---
87,3,9,7,xooxxo---,6,xooxxox--
88,3,9,1,---------,8,--------x
88,3,9,2,--------x,5,-----o--x
88,3,9,3,-----o--x,4,----xo--x
88,3,9,4,----xo--x,0,o---xo--x
88,3,9,5,o---xo--x,6,o---xox-x
88,3,9,6,o---xox-x,1,oo--xox-x
88,3,9,7,oo--xox-x,2,oox-xox-x
89,3,9,1,---------,1,-x-------
89,3,9,2,-x-------,0,ox-------
89,3,9,3,ox-------,3,ox-x-----
89,3,9,4,ox-x-----,4,ox-xo----
89,3,9,5,ox-xo----,8,ox-xo---x
89,3,9,6,ox-xo---x,2,oxoxo---x
89,3,9,7,oxoxo---x,6,oxoxo-x-x
89,3,9,8,oxoxo-x-x,7,oxoxo-xox
89,3,9,9,oxoxo-xox,5,oxoxoxxox
90,3,9,1,---------,2,--x------
90,3,9,2,--x------,1,-ox------
90,3,9,3,-ox------,4,-ox-x----
90,3,9,4,-ox-x----,0,oox-x----
90,3,9,5,oox-x----,8,oox-x---x
90,3,9,6,oox-x---x,3,ooxox---x
90,3,9,7,ooxox---x,5,ooxoxx--x
91,6,3,1,---------,0,x--------
91,6,3,2,x--------,4,x---o----
91,6,3,3,x---o----,1,xx--o----
91,6,3,4,xx--o----,2,xxo-o----
91,6,3,5,xxo-o----,8,xxo-o---x
91,6,3,6,xxo-o---x,3,xxooo---x
91,6,3,7,xxooo---x,5,xxooox--x
91,6,3,8,xxooox--x,6,xxoooxo-x
92,6,3,1,---------,0,x--------
92,6,3,2,x--------,4,x---o----
92,6,3,3,x---o----,1,xx--o----
92,6,3,4,xx--o----,2,xxo-o----
92,6,3,5,xxo-o----,5,xxo-ox---
92,6,3,6,xxo-ox---,6,xxo-oxo--
93,6,3,1,---------,0,x--------
93,6,3,2,x--------,4,x---o----
93,6,3,3,x---o----,1,xx--o----
93,6,3,4,xx--o----,2,xxo-o----
93,6,3,5,xxo-o----,6,xxo-o-x--
93,6,3,6,xxo-o-x--,3,xxooo-x--
93,6,3,7,xxooo-x--,5,xxoooxx--
93,6,3,8,xxoooxx--,7,xxoooxxo-
93,6,3,9,xxoooxxo-,8,xxoooxxox
94,6,3,1,---------,0,x--------
94,6,3,2,x--------,4,x---o----
94,6,3,3,x---o----,1,xx--o----
94,6,3,4,xx--o----,2,xxo-o----
94,6,3,5,xxo-o----,5,xxo-ox---
94,6,3,6,xxo-ox---,6,xxo-oxo--
95,6,3,1,---------,0,x--------
95,6,3,2,x--------,4,x---o----
95,6,3,3,x---o----,1,xx--o----
95,6,3,4,xx--o----,2,xxo-o----
95,6,3,5,xxo-o----,7,xxo-o--x-
95,6,3,6,xxo-o--x-,3,xxooo--x-
95,6,3,7,xxooo--x-,5,xxooox-x-
95,6,3,8,xxooox-x-,6,xxoooxox-
96,7,3,1,---------,0,x--------
96,7,3,2,x--------,4,x---o----
96,7,3,3,x---o----,1,xx--o----
96,7,3,4,xx--o----,2,xxo-o----
96,7,3,5,xxo-o----,3,xxoxo----
96,7,3,6,xxoxo----,6,xxoxo-o--
97,7,3,1,---------,0,x--------
97,7,3,2,x--------,4,x---o----
97,7,3,3,x---o----,2,x-x-o----
97,7,3,4,x-x-o----,5,x-x-oo---
97,7,3,5,x-x-oo---,1,xxx-oo---
98,7,3,1,---------,0,x--------
98,7,3,2,x--------,4,x---o----
98,7,3,3,x---o----,3,x--xo----
98,7,3,4,x--xo----,6,x--xo-o--
98,7,3,5,x--xo-o--,7,x--xo-ox-
98,7,3,6,x--xo-ox-,2,x-oxo-ox-
99,7,3,1,---------,0,x--------
99,7,3,2,x--------,4,x---o----
99,7,3,3,x---o----,3,x--xo----
99,7,3,4,x--xo----,6,x--xo-o--
99,7,3,5,x--xo-o--,8,x--xo-o-x
99,7,3,6,x--xo-o-x,1,xo-xo-o-x
99,7,3,7,xo-xo-o-x,7,xo-xo-oxx
99,7,3,8,xo-xo-oxx,2,xooxo-oxx
100,7,3,1,---------,0,x--------
100,7,3,2,x--------,4,x---o----
100,7,3,3,x---o----,1,xx--o----
100,7,3,4,xx--o----,2,xxo-o----
100,7,3,5,xxo-o----,5,xxo-ox---
100,7,3,6,xxo-ox---,6,xxo-oxo--
101,9,3,1,---------,0,x--------
101,9,3,2,x--------,4,x---o----
101,9,3,3,x---o----,1,xx--o----
101,9,3,4,xx--o----,2,xxo-o----
101,9,3,5,xxo-o----,6,xxo-o-x--
101,9,3,6,xxo-o-x--,3,xxooo-x--
101,9,3,7,xxooo-x--,5,xxoooxx--
101,9,3,8,xxoooxx--,7,xxoooxxo-
101,9,3,9,xxoooxxo-,8,xxoooxxox
102,9,3,1,---------,0,x--------
102,9,3,2,x--------,4,x---o----
102,9,3,3,x---o----,1,xx--o----
102,9,3,4,xx--o----,2,xxo-o----
102,9,3,5,xxo-o----,6,xxo-o-x--
102,9,3,6,xxo-o-x--,3,xxooo-x--
102,9,3,7,xxooo-x--,5,xxoooxx--
102,9,3,8,xxoooxx--,7,xxoooxxo-
102,9,3,9,xxoooxxo-,8,xxoooxxox
103,9,3,1,---------,0,x--------
103,9,3,2,x--------,4,x---o----
103,9,3,3,x---o----,1,xx--o----
103,9,3,4,xx--o----,2,xxo-o----
103,9,3,5,xxo-o----,6,xxo-o-x--
103,9,3,6,xxo-o-x--,3,xxooo-x--
103,9,3,7,xxooo-x--,5,xxoooxx--
103,9,3,8,xxoooxx--,7,xxoooxxo-
103,9,3,9,xxoooxxo-,8,xxoooxxox
104,9,3,1,---------,0,x--------
104,9,3,2,x--------,4,x---o----
104,9,3,3,x---o----,1,xx--o----
104,9,3,4,xx--o----,2,xxo-o----
104,9,3,5,xxo-o----,6,xxo-o-x--
104,9,3,6,xxo-o-x--,3,xxooo-x--
104,9,3,7,xxooo-x--,5,xxoooxx--
104,9,3,8,xxoooxx--,7,xxoooxxo-
104,9,3,9,xxoooxxo-,8,xxoooxxox
105,9,3,1,---------,0,x--------
105,9,3,2,x--------,4,x---o----
105,9,3,3,x---o----,1,xx--o----
105,9,3,4,xx--o----,2,xxo-o----
105,9,3,5,xxo-o----,6,xxo-o-x--
105,9,3,6,xxo-o-x--,3,xxooo-x--
105,9,3,7,xxooo-x--,5,xxoooxx--
105,9,3,8,xxoooxx--,7,xxoooxxo-
105,9,3,9,xxoooxxo-,8,xxoooxxox
106,10,3,1,---------,7,-------x-
106,10,3,2,-------x-,3,---o---x-
106,10,3,3,---o---x-,5,---o-x-x-
106,10,3,4,---o-x-x-,2,--oo-x-x-
106,10,3,5,--oo-x-x-,0,x-oo-x-x-
106,10,3,6,x-oo-x-x-,4,x-ooox-x-
106,10,3,7,x-ooox-x-,6,x-oooxxx-
106,10,3,8,x-oooxxx-,8,x-oooxxxo
106,10,3,9,x-oooxxxo,1,xxoooxxxo
107,10,3,1,---------,1,-x-------
107,10,3,2,-x-------,0,ox-------
107,10,3,3,ox-------,8,ox------x
107,10,3,4,ox------x,4,ox--o---x
107,10,3,5,ox--o---x,6,ox--o-x-x
107,10,3,6,ox--o-x-x,7,ox--o-xox
107,10,3,7,ox--o-xox,5,ox--oxxox
107,10,3,8,ox--oxxox,2,oxo-oxxox
107,10,3,9,oxo-oxxox,3,oxoxoxxox
108,10,3,1,---------,2,--x------
108,10,3,2,--x------,4,--x-o----
108,10,3,3,--x-o----,7,--x-o--x-
108,10,3,4,--x-o--x-,3,--xoo--x-
108,10,3,5,--xoo--x-,5,--xoox-x-
108,10,3,6,--xoox-x-,8,--xoox-xo
108,10,3,7,--xoox-xo,1,-xxoox-xo
108,10,3,8,-xxoox-xo,0,oxxoox-xo
109,10,3,1,---------,5,-----x---
109,10,3,2,-----x---,0,o----x---
109,10,3,3,o----x---,3,o--x-x---
109,10,3,4,o--x-x---,4,o--xox---
109,10,3,5,o--xox---,7,o--xox-x-
109,10,3,6,o--xox-x-,1,oo-xox-x-
109,10,3,7,oo-xox-x-,6,oo-xoxxx-
109,10,3,8,oo-xoxxx-,8,oo-xoxxxo
110,10,3,1,---------,2,--x------
110,10,3,2,--x------,4,--x-o----
110,10,3,3,--x-o----,5,--x-ox---
110,10,3,4,--x-ox---,8,--x-ox--o
110,10,3,5,--x-ox--o,3,--xxox--o
110,10,3,6,--xxox--o,0,o-xxox--o
111,8,3,1,---------,0,x--------
111,8,3,2,x--------,4,x---o----
111,8,3,3,x---o----,1,xx--o----
111,8,3,4,xx--o----,2,xxo-o----
111,8,3,5,xxo-o----,3,xxoxo----
111,8,3,6,xxoxo----,6,xxoxo-o--
112,8,3,1,---------,0,x--------
112,8,3,2,x--------,4,x---o----
112,8,3,3,x---o----,1,xx--o----
112,8,3,4,xx--o----,2,xxo-o----
112,8,3,5,xxo-o----,3,xxoxo----
112,8,3,6,xxoxo----,6,xxoxo-o--
113,8,3,1,---------,0,x--------
113,8,3,2,x--------,6,x-----o--
113,8,3,3,x-----o--,1,xx----o--
113,8,3,4,xx----o--,2,xxo---o--
113,8,3,5,xxo---o--,3,xxox--o--
113,8,3,6,xxox--o--,4,xxoxo-o--
114,8,3,1,---------,0,x--------
114,8,3,2,x--------,4,x---o----
114,8,3,3,x---o----,1,xx--o----
114,8,3,4,xx--o----,2,xxo-o----
114,8,3,5,xxo-o----,3,xxoxo----
114,8,3,6,xxoxo----,6,xxoxo-o--
115,8,3,1,---------,0,x--------
115,8,3,2,x--------,4,x---o----
115,8,3,3,x---o----,1,xx--o----
115,8,3,4,xx--o----,2,xxo-o----
115,8,3,5,xxo-o----,3,xxoxo----
115,8,3,6,xxoxo----,6,xxoxo-o--
116,5,3,1,---------,8,--------x
116,5,3,2,--------x,7,-------ox
116,5,3,3,-------ox,6,------xox
116,5,3,4,------xox,4,----o-xox
116,5,3,5,----o-xox,5,----oxxox
116,5,3,6,----oxxox,1,-o--oxxox
117,5,3,1,---------,8,--------x
117,5,3,2,--------x,4,----o---x
117,5,3,3,----o---x,7,----o--xx
117,5,3,4,----o--xx,6,----o-oxx
117,5,3,5,----o-oxx,5,----oxoxx
117,5,3,6,----oxoxx,2,--o-oxoxx
118,5,3,1,---------,8,--------x
118,5,3,2,--------x,4,----o---x
118,5,3,3,----o---x,7,----o--xx
118,5,3,4,----o--xx,6,----o-oxx
118,5,3,5,----o-oxx,5,----oxoxx
118,5,3,6,----oxoxx,2,--o-oxoxx
119,5,3,1,---------,8,--------x
119,5,3,2,--------x,4,----o---x
119,5,3,3,----o---x,7,----o--xx
119,5,3,4,----o--xx,6,----o-oxx
119,5,3,5,----o-oxx,5,----oxoxx
119,5,3,6,----oxoxx,2,--o-oxoxx
120,5,3,1,---------,8,--------x
120,5,3,2,--------x,4,----o---x
120,5,3,3,----o---x,7,----o--xx
120,5,3,4,----o--xx,6,----o-oxx
120,5,3,5,----o-oxx,5,----oxoxx
120,5,3,6,----oxoxx,2,--o-oxoxx
121,1,4,1,---------,5,-----x---
121,1,4,2,-----x---,0,o----x---
121,1,4,3,o----x---,4,o---xx---
121,1,4,4,o---xx---,1,oo--xx---
121,1,4,5,oo--xx---,7,oo--xx-x-
121,1,4,6,oo--xx-x-,3,oo-oxx-x-
121,1,4,7,oo-oxx-x-,2,ooxoxx-x-
121,1,4,8,ooxoxx-x-,6,ooxoxxox-
122,1,4,1,---------,0,x--------
122,1,4,2,x--------,1,xo-------
122,1,4,3,xo-------,3,xo-x-----
122,1,4,4,xo-x-----,2,xoox-----
122,1,4,5,xoox-----,4,xooxx----
122,1,4,6,xooxx----,5,xooxxo---
122,1,4,7,xooxxo---,7,xooxxo-x-
122,1,4,8,xooxxo-x-,6,xooxxoox-
122,1,4,9,xooxxoox-,8,xooxxooxx
123,1,10,1,---------,2,--x------
123,1,10,2,--x------,7,--x----o-
123,1,10,3,--x----o-,1,-xx----o-
123,1,10,4,-xx----o-,0,oxx----o-
123,1,10,5,oxx----o-,6,oxx---xo-
123,1,10,6,oxx---xo-,5,oxx--oxo-
123,1,10,7,oxx--oxo-,8,oxx--oxox
123,1,10,8,oxx--oxox,3,oxxo-oxox
123,1,10,9,oxxo-oxox,4,oxxoxoxox
124,1,10,1,---------,0,x--------
124,1,10,2,x--------,2,x-o------
124,1,10,3,x-o------,1,xxo------
124,1,10,4,xxo------,4,xxo-o----
124,1,10,5,xxo-o----,8,xxo-o---x
124,1,10,6,xxo-o---x,3,xxooo---x
124,1,10,7,xxooo---x,5,xxooox--x
124,1,10,8,xxooox--x,6,xxoooxo-x
125,1,10,1,---------,1,-x-------
125,1,10,2,-x-------,0,ox-------
125,1,10,3,ox-------,3,ox-x-----
125,1,10,4,ox-x-----,5,ox-x-o---
125,1,10,5,ox-x-o---,7,ox-x-o-x-
125,1,10,6,ox-x-o-x-,4,ox-xoo-x-
125,1,10,7,ox-xoo-x-,6,ox-xooxx-
125,1,10,8,ox-xooxx-,8,ox-xooxxo
126,1,10,1,---------,3,---x-----
126,1,10,2,---x-----,6,---x--o--
126,1,10,3,---x--o--,2,--xx--o--
126,1,10,4,--xx--o--,1,-oxx--o--
126,1,10,5,-oxx--o--,7,-oxx--ox-
126,1,10,6,-oxx--ox-,4,-oxxo-ox-
126,1,10,7,-oxxo-ox-,5,-oxxoxox-
126,1,10,8,-oxxoxox-,0,ooxxoxox-
126,1,10,9,ooxxoxox-,8,ooxxoxoxx
127,1,6,1,---------,2,--x------
127,1,6,2,--x------,0,o-x------
127,1,6,3,o-x------,7,o-x----x-
127,1,6,4,o-x----x-,3,o-xo---x-
127,1,6,5,o-xo---x-,8,o-xo---xx
127,1,6,6,o-xo---xx,5,o-xo-o-xx
127,1,6,7,o-xo-o-xx,4,o-xoxo-xx
127,1,6,8,o-xoxo-xx,6,o-xoxooxx
128,1,6,1,---------,7,-------x-
128,1,6,2,-------x-,1,-o-----x-
128,1,6,3,-o-----x-,4,-o--x--x-
128,1,6,4,-o--x--x-,0,oo--x--x-
128,1,6,5,oo--x--x-,2,oox-x--x-
128,1,6,6,oox-x--x-,6,oox-x-ox-
128,1,6,7,oox-x-ox-,8,oox-x-oxx
128,1,6,8,oox-x-oxx,3,ooxox-oxx
129,1,6,1,---------,0,x--------
129,1,6,2,x--------,2,x-o------
129,1,6,3,x-o------,4,x-o-x----
129,1,6,4,x-o-x----,1,xoo-x----
129,1,6,5,xoo-x----,3,xooxx----
129,1,6,6,xooxx----,8,xooxx---o
129,1,6,7,xooxx---o,5,xooxxx--o
130,1,7,1,---------,2,--x------
130,1,7,2,--x------,0,o-x------
130,1,7,3,o-x------,3,o-xx-----
130,1,7,4,o-xx-----,5,o-xx-o---
130,1,7,5,o-xx-o---,1,oxxx-o---
130,1,7,6,oxxx-o---,6,oxxx-oo--
130,1,7,7,oxxx-oo--,4,oxxxxoo--
130,1,7,8,oxxxxoo--,8,oxxxxoo-o
130,1,7,9,oxxxxoo-o,7,oxxxxooxo
131,1,7,1,---------,6,------x--
131,1,7,2,------x--,0,o-----x--
131,1,7,3,o-----x--,7,o-----xx-
131,1,7,4,o-----xx-,4,o---o-xx-
131,1,7,5,o---o-xx-,2,o-x-o-xx-
131,1,7,6,o-x-o-xx-,5,o-x-ooxx-
131,1,7,7,o-x-ooxx-,8,o-x-ooxxx
132,1,7,1,---------,1,-x-------
132,1,7,2,-x-------,0,ox-------
132,1,7,3,ox-------,7,ox-----x-
132,1,7,4,ox-----x-,4,ox--o--x-
132,1,7,5,ox--o--x-,6,ox--o-xx-
132,1,7,6,ox--o-xx-,8,ox--o-xxo
133,6,1,1,---------,0,x--------
133,6,1,2,x--------,6,x-----o--
133,6,1,3,x-----o--,1,xx----o--
133,6,1,4,xx----o--,7,xx----oo-
133,6,1,5,xx----oo-,2,xxx---oo-
134,6,1,1,---------,0,x--------
134,6,1,2,x--------,1,xo-------
134,6,1,3,xo-------,2,xox------
134,6,1,4,xox------,8,xox-----o
134,6,1,5,xox-----o,6,xox---x-o
134,6,1,6,xox---x-o,3,xoxo--x-o
134,6,1,7,xoxo--x-o,4,xoxox-x-o
135,6,1,1,---------,0,x--------
135,6,1,2,x--------,2,x-o------
135,6,1,3,x-o------,3,x-ox-----
135,6,1,4,x-ox-----,7,x-ox---o-
135,6,1,5,x-ox---o-,1,xxox---o-
135,6,1,6,xxox---o-,8,xxox---oo
135,6,1,7,xxox---oo,6,xxox--xoo
136,6,1,1,---------,0,x--------
136,6,1,2,x--------,8,x-------o
136,6,1,3,x-------o,1,xx------o
136,6,1,4,xx------o,3,xx-o----o
136,6,1,5,xx-o----o,2,xxxo----o
137,6,5,1,---------,0,x--------
137,6,5,2,x--------,8,x-------o
137,6,5,3,x-------o,1,xx------o
137,6,5,4,xx------o,7,xx-----oo
137,6,5,5,xx-----oo,2,xxx----oo
138,6,5,1,---------,0,x--------
138,6,5,2,x--------,4,x---o----
138,6,5,3,x---o----,1,xx--o----
138,6,5,4,xx--o----,3,xx-oo----
138,6,5,5,xx-oo----,2,xxxoo----
139,6,5,1,---------,0,x--------
139,6,5,2,x--------,8,x-------o
139,6,5,3,x-------o,1,xx------o
139,6,5,4,xx------o,7,xx-----oo
139,6,5,5,xx-----oo,2,xxx----oo
140,1,5,1,---------,5,-----x---
140,1,5,2,-----x---,8,-----x--o
140,1,5,3,-----x--o,4,----xx--o
140,1,5,4,----xx--o,7,----xx-oo
140,1,5,5,----xx-oo,0,x---xx-oo
140,1,5,6,x---xx-oo,6,x---xxooo
141,1,5,1,---------,5,-----x---
141,1,5,2,-----x---,8,-----x--o
141,1,5,3,-----x--o,1,-x---x--o
141,1,5,4,-x---x--o,7,-x---x-oo
141,1,5,5,-x---x-oo,2,-xx--x-oo
141,1,5,6,-xx--x-oo,6,-xx--xooo
142,1,5,1,---------,1,-x-------
142,1,5,2,-x-------,4,-x--o----
142,1,5,3,-x--o----,8,-x--o---x
142,1,5,4,-x--o---x,7,-x--o--ox
142,1,5,5,-x--o--ox,0,xx--o--ox
142,1,5,6,xx--o--ox,6,xx--o-oox
142,1,5,7,xx--o-oox,3,xx-xo-oox
142,1,5,8,xx-xo-oox,5,xx-xoooox
142,1,5,9,xx-xoooox,2,xxxxoooox
143,10,1,1,---------,7,-------x-
143,10,1,2,-------x-,8,-------xo
143,10,1,3,-------xo,3,---x---xo
143,10,1,4,---x---xo,1,-o-x---xo
143,10,1,5,-o-x---xo,6,-o-x--xxo
143,10,1,6,-o-x--xxo,0,oo-x--xxo
143,10,1,7,oo-x--xxo,5,oo-x-xxxo
143,10,1,8,oo-x-xxxo,2,ooox-xxxo
144,10,1,1,---------,1,-x-------
144,10,1,2,-x-------,6,-x----o--
144,10,1,3,-x----o--,8,-x----o-x
144,10,1,4,-x----o-x,5,-x---oo-x
144,10,1,5,-x---oo-x,2,-xx--oo-x
144,10,1,6,-xx--oo-x,0,oxx--oo-x
144,10,1,7,oxx--oo-x,7,oxx--ooxx
144,10,1,8,oxx--ooxx,4,oxx-oooxx
144,10,1,9,oxx-oooxx,3,oxxxoooxx
145,10,1,1,---------,4,----x----
145,10,1,2,----x----,3,---ox----
145,10,1,3,---ox----,1,-x-ox----
145,10,1,4,-x-ox----,0,ox-ox----
145,10,1,5,ox-ox----,5,ox-oxx---
145,10,1,6,ox-oxx---,6,ox-oxxo--
146,5,4,1,---------,8,--------x
146,5,4,2,--------x,0,o-------x
146,5,4,3,o-------x,7,o------xx
146,5,4,4,o------xx,1,oo-----xx
146,5,4,5,oo-----xx,6,oo----xxx
147,5,4,1,---------,8,--------x
147,5,4,2,--------x,0,o-------x
147,5,4,3,o-------x,7,o------xx
147,5,4,4,o------xx,2,o-o----xx
147,5,4,5,o-o----xx,6,o-o---xxx
148,7,8,1,---------,0,x--------
148,7,8,2,x--------,1,xo-------
148,7,8,3,xo-------,6,xo----x--
148,7,8,4,xo----x--,2,xoo---x--
148,7,8,5,xoo---x--,4,xoo-x-x--
148,7,8,6,xoo-x-x--,5,xoo-xox--
148,7,8,7,xoo-xox--,3,xooxxox--
149,7,8,1,---------,0,x--------
149,7,8,2,x--------,1,xo-------
149,7,8,3,xo-------,3,xo-x-----
149,7,8,4,xo-x-----,2,xoox-----
149,7,8,5,xoox-----,4,xooxx----
149,7,8,6,xooxx----,5,xooxxo---
149,7,8,7,xooxxo---,7,xooxxo-x-
149,7,8,8,xooxxo-x-,8,xooxxo-xo
150,5,10,1,---------,8,--------x
150,5,10,2,--------x,7,-------ox
150,5,10,3,-------ox,2,--x----ox
150,5,10,4,--x----ox,4,--x-o--ox
150,5,10,5,--x-o--ox,6,--x-o-xox
150,5,10,6,--x-o-xox,0,o-x-o-xox
150,5,10,7,o-x-o-xox,5,o-x-oxxox
151,5,10,1,---------,8,--------x
151,5,10,2,--------x,2,--o-----x
151,5,10,3,--o-----x,7,--o----xx
151,5,10,4,--o----xx,6,--o---oxx
151,5,10,5,--o---oxx,4,--o-x-oxx
151,5,10,6,--o-x-oxx,3,--oox-oxx
151,5,10,7,--oox-oxx,5,--ooxxoxx
151,5,10,8,--ooxxoxx,0,o-ooxxoxx
152,5,10,1,---------,8,--------x
152,5,10,2,--------x,3,---o----x
152,5,10,3,---o----x,7,---o---xx
152,5,10,4,---o---xx,1,-o-o---xx
152,5,10,5,-o-o---xx,6,-o-o--xxx
153,10,6,1,---------,0,x--------
153,10,6,2,x--------,2,x-o------
153,10,6,3,x-o------,8,x-o-----x
153,10,6,4,x-o-----x,4,x-o-o---x
153,10,6,5,x-o-o---x,6,x-o-o-x-x
153,10,6,6,x-o-o-x-x,3,x-ooo-x-x
153,10,6,7,x-ooo-x-x,7,x-ooo-xxx
154,10,6,1,---------,7,-------x-
154,10,6,2,-------x-,1,-o-----x-
154,10,6,3,-o-----x-,0,xo-----x-
154,10,6,4,xo-----x-,2,xoo----x-
154,10,6,5,xoo----x-,8,xoo----xx
154,10,6,6,xoo----xx,5,xoo--o-xx
154,10,6,7,xoo--o-xx,3,xoox-o-xx
154,10,6,8,xoox-o-xx,4,xooxoo-xx
154,10,6,9,xooxoo-xx,6,xooxooxxx
155,10,6,1,---------,2,--x------
155,10,6,2,--x------,0,o-x------
155,10,6,3,o-x------,1,oxx------
155,10,6,4,oxx------,4,oxx-o----
155,10,6,5,oxx-o----,6,oxx-o-x--
155,10,6,6,oxx-o-x--,3,oxxoo-x--
155,10,6,7,oxxoo-x--,7,oxxoo-xx-
155,10,6,8,oxxoo-xx-,8,oxxoo-xxo
156,8,5,1,---------,0,x--------
156,8,5,2,x--------,8,x-------o
156,8,5,3,x-------o,1,xx------o
156,8,5,4,xx------o,7,xx-----oo
156,8,5,5,xx-----oo,2,xxx----oo
157,8,5,1,---------,0,x--------
157,8,5,2,x--------,8,x-------o
157,8,5,3,x-------o,1,xx------o
157,8,5,4,xx------o,7,xx-----oo
157,8,5,5,xx-----oo,2,xxx----oo
158,5,1,1,---------,8,--------x
158,5,1,2,--------x,6,------o-x
158,5,1,3,------o-x,7,------oxx
158,5,1,4,------oxx,2,--o---oxx
158,5,1,5,--o---oxx,5,--o--xoxx
158,5,1,6,--o--xoxx,1,-oo--xoxx
158,5,1,7,-oo--xoxx,4,-oo-xxoxx
158,5,1,8,-oo-xxoxx,0,ooo-xxoxx
159,5,1,1,---------,8,--------x
159,5,1,2,--------x,3,---o----x
159,5,1,3,---o----x,7,---o---xx
159,5,1,4,---o---xx,5,---o-o-xx
159,5,1,5,---o-o-xx,6,---o-oxxx
160,5,1,1,---------,8,--------x
160,5,1,2,--------x,5,-----o--x
160,5,1,3,-----o--x,7,-----o-xx
160,5,1,4,-----o-xx,0,o----o-xx
160,5,1,5,o----o-xx,1,ox---o-xx
160,5,1,6,ox---o-xx,6,ox---ooxx
160,5,1,7,ox---ooxx,4,ox--xooxx
161,5,1,1,---------,8,--------x
161,5,1,2,--------x,2,--o-----x
161,5,1,3,--o-----x,3,--ox----x
161,5,1,4,--ox----x,4,--oxo---x
161,5,1,5,--oxo---x,7,--oxo--xx
161,5,1,6,--oxo--xx,0,o-oxo--xx
161,5,1,7,o-oxo--xx,6,o-oxo-xxx
162,8,7,1,---------,0,x--------
162,8,7,2,x--------,4,x---o----
162,8,7,3,x---o----,1,xx--o----
162,8,7,4,xx--o----,7,xx--o--o-
162,8,7,5,xx--o--o-,2,xxx-o--o-
163,8,7,1,---------,0,x--------
163,8,7,2,x--------,1,xo-------
163,8,7,3,xo-------,3,xo-x-----
163,8,7,4,xo-x-----,8,xo-x----o
163,8,7,5,xo-x----o,4,xo-xx---o
163,8,7,6,xo-xx---o,6,xo-xx-o-o
163,8,7,7,xo-xx-o-o,2,xoxxx-o-o
163,8,7,8,xoxxx-o-o,7,xoxxx-ooo
164,5,7,1,---------,8,--------x
164,5,7,2,--------x,0,o-------x
164,5,7,3,o-------x,7,o------xx
164,5,7,4,o------xx,4,o---o--xx
164,5,7,5,o---o--xx,6,o---o-xxx
165,5,7,1,---------,8,--------x
165,5,7,2,--------x,0,o-------x
165,5,7,3,o-------x,7,o------xx
165,5,7,4,o------xx,4,o---o--xx
165,5,7,5,o---o--xx,6,o---o-xxx
166,10,7,1,---------,0,x--------
166,10,7,2,x--------,4,x---o----
166,10,7,3,x---o----,3,x--xo----
166,10,7,4,x--xo----,5,x--xoo---
166,10,7,5,x--xoo---,6,x--xoox--
167,10,7,1,---------,2,--x------
167,10,7,2,--x------,0,o-x------
167,10,7,3,o-x------,5,o-x--x---
167,10,7,4,o-x--x---,3,o-xo-x---
167,10,7,5,o-xo-x---,7,o-xo-x-x-
167,10,7,6,o-xo-x-x-,1,ooxo-x-x-
167,10,7,7,ooxo-x-x-,4,ooxoxx-x-
167,10,7,8,ooxoxx-x-,8,ooxoxx-xo
167,10,7,9,ooxoxx-xo,6,ooxoxxxxo
168,10,7,1,---------,4,----x----
168,10,7,2,----x----,0,o---x----
168,10,7,3,o---x----,2,o-x-x----
168,10,7,4,o-x-x----,7,o-x-x--o-
168,10,7,5,o-x-x--o-,1,oxx-x--o-
168,10,7,6,oxx-x--o-,8,oxx-x--oo
168,10,7,7,oxx-x--oo,5,oxx-xx-oo
168,10,7,8,oxx-xx-oo,3,oxxoxx-oo
168,10,7,9,oxxoxx-oo,6,oxxoxxxoo
169,10,7,1,---------,0,x--------
169,10,7,2,x--------,3,x--o-----
169,10,7,3,x--o-----,7,x--o---x-
169,10,7,4,x--o---x-,5,x--o-o-x-
169,10,7,5,x--o-o-x-,8,x--o-o-xx
169,10,7,6,x--o-o-xx,2,x-oo-o-xx
169,10,7,7,x-oo-o-xx,1,xxoo-o-xx
169,10,7,8,xxoo-o-xx,6,xxoo-ooxx
169,10,7,9,xxoo-ooxx,4,xxooxooxx
170,7,6,1,---------,0,x--------
170,7,6,2,x--------,2,x-o------
170,7,6,3,x-o------,7,x-o----x-
170,7,6,4,x-o----x-,5,x-o--o-x-
170,7,6,5,x-o--o-x-,6,x-o--oxx-
170,7,6,6,x-o--oxx-,8,x-o--oxxo
171,10,8,1,---------,8,--------x
171,10,8,2,--------x,0,o-------x
171,10,8,3,o-------x,6,o-----x-x
171,10,8,4,o-----x-x,1,oo----x-x
171,10,8,5,oo----x-x,2,oox---x-x
171,10,8,6,oox---x-x,3,ooxo--x-x
171,10,8,7,ooxo--x-x,7,ooxo--xxx
172,10,8,1,---------,7,-------x-
172,10,8,2,-------x-,0,o------x-
172,10,8,3,o------x-,2,o-x----x-
172,10,8,4,o-x----x-,1,oox----x-
172,10,8,5,oox----x-,5,oox--x-x-
172,10,8,6,oox--x-x-,3,ooxo-x-x-
172,10,8,7,ooxo-x-x-,6,ooxo-xxx-
172,10,8,8,ooxo-xxx-,4,ooxooxxx-
172,10,8,9,ooxooxxx-,8,ooxooxxxx
173,10,8,1,---------,5,-----x---
173,10,8,2,-----x---,0,o----x---
173,10,8,3,o----x---,6,o----xx--
173,10,8,4,o----xx--,1,oo---xx--
173,10,8,5,oo---xx--,4,oo--xxx--
173,10,8,6,oo--xxx--,2,ooo-xxx--
174,10,8,1,---------,4,----x----
174,10,8,2,----x----,0,o---x----
174,10,8,3,o---x----,2,o-x-x----
174,10,8,4,o-x-x----,1,oox-x----
174,10,8,5,oox-x----,6,oox-x-x--
175,4,1,1,---------,0,x--------
175,4,1,2,x--------,5,x----o---
175,4,1,3,x----o---,1,xx---o---
175,4,1,4,xx---o---,6,xx---oo--
175,4,1,5,xx---oo--,2,xxx--oo--
176,4,1,1,---------,0,x--------
176,4,1,2,x--------,7,x------o-
176,4,1,3,x------o-,1,xx-----o-
176,4,1,4,xx-----o-,8,xx-----oo
176,4,1,5,xx-----oo,2,xxx----oo
177,6,7,1,---------,0,x--------
177,6,7,2,x--------,4,x---o----
177,6,7,3,x---o----,1,xx--o----
177,6,7,4,xx--o----,5,xx--oo---
177,6,7,5,xx--oo---,2,xxx-oo---
178,6,7,1,---------,0,x--------
178,6,7,2,x--------,6,x-----o--
178,6,7,3,x-----o--,1,xx----o--
178,6,7,4,xx----o--,8,xx----o-o
178,6,7,5,xx----o-o,2,xxx---o-o
179,6,7,1,---------,0,x--------
179,6,7,2,x--------,8,x-------o
179,6,7,3,x-------o,1,xx------o
179,6,7,4,xx------o,7,xx-----oo
179,6,7,5,xx-----oo,2,xxx----oo
180,6,7,1,---------,0,x--------
180,6,7,2,x--------,8,x-------o
180,6,7,3,x-------o,1,xx------o
180,6,7,4,xx------o,7,xx-----oo
180,6,7,5,xx-----oo,2,xxx----oo
181,1,8,1,---------,6,------x--
181,1,8,2,------x--,0,o-----x--
181,1,8,3,o-----x--,2,o-x---x--
181,1,8,4,o-x---x--,1,oox---x--
181,1,8,5,oox---x--,8,oox---x-x
181,1,8,6,oox---x-x,3,ooxo--x-x
181,1,8,7,ooxo--x-x,5,ooxo-xx-x
182,10,5,1,---------,5,-----x---
182,10,5,2,-----x---,3,---o-x---
182,10,5,3,---o-x---,6,---o-xx--
182,10,5,4,---o-xx--,8,---o-xx-o
182,10,5,5,---o-xx-o,7,---o-xxxo
182,10,5,6,---o-xxxo,4,---ooxxxo
182,10,5,7,---ooxxxo,0,x--ooxxxo
182,10,5,8,x--ooxxxo,1,xo-ooxxxo
182,10,5,9,xo-ooxxxo,2,xoxooxxxo
183,10,5,1,---------,8,--------x
183,10,5,2,--------x,7,-------ox
183,10,5,3,-------ox,2,--x----ox
183,10,5,4,--x----ox,6,--x---oox
183,10,5,5,--x---oox,0,x-x---oox
183,10,5,6,x-x---oox,5,x-x--ooox
183,10,5,7,x-x--ooox,4,x-x-xooox
184,7,4,1,---------,0,x--------
184,7,4,2,x--------,1,xo-------
184,7,4,3,xo-------,2,xox------
184,7,4,4,xox------,3,xoxo-----
184,7,4,5,xoxo-----,8,xoxo----x
184,7,4,6,xoxo----x,4,xoxoo---x
184,7,4,7,xoxoo---x,6,xoxoo-x-x
184,7,4,8,xoxoo-x-x,5,xoxooox-x
185,7,4,1,---------,0,x--------
185,7,4,2,x--------,1,xo-------
185,7,4,3,xo-------,7,xo-----x-
185,7,4,4,xo-----x-,2,xoo----x-
185,7,4,5,xoo----x-,3,xoox---x-
185,7,4,6,xoox---x-,4,xooxo--x-
185,7,4,7,xooxo--x-,5,xooxox-x-
185,7,4,8,xooxox-x-,6,xooxoxox-
186,8,10,1,---------,0,x--------
186,8,10,2,x--------,4,x---o----
186,8,10,3,x---o----,1,xx--o----
186,8,10,4,xx--o----,8,xx--o---o
186,8,10,5,xx--o---o,2,xxx-o---o
187,8,10,1,---------,0,x--------
187,8,10,2,x--------,1,xo-------
187,8,10,3,xo-------,3,xo-x-----
187,8,10,4,xo-x-----,5,xo-x-o---
187,8,10,5,xo-x-o---,4,xo-xxo---
187,8,10,6,xo-xxo---,2,xooxxo---
187,8,10,7,xooxxo---,6,xooxxox--
188,8,10,1,---------,0,x--------
188,8,10,2,x--------,7,x------o-
188,8,10,3,x------o-,1,xx-----o-
188,8,10,4,xx-----o-,4,xx--o--o-
188,8,10,5,xx--o--o-,2,xxx-o--o-
189,6,10,1,---------,0,x--------
189,6,10,2,x--------,7,x------o-
189,6,10,3,x------o-,1,xx-----o-
189,6,10,4,xx-----o-,4,xx--o--o-
189,6,10,5,xx--o--o-,2,xxx-o--o-
190,5,6,1,---------,6,------x--
190,5,6,2,------x--,0,o-----x--
190,5,6,3,o-----x--,8,o-----x-x
190,5,6,4,o-----x-x,1,oo----x-x
190,5,6,5,oo----x-x,7,oo----xxx
191,5,6,1,---------,8,--------x
191,5,6,2,--------x,0,o-------x
191,5,6,3,o-------x,7,o------xx
191,5,6,4,o------xx,1,oo-----xx
191,5,6,5,oo-----xx,6,oo----xxx
192,4,10,1,---------,0,x--------
192,4,10,2,x--------,6,x-----o--
192,4,10,3,x-----o--,1,xx----o--
192,4,10,4,xx----o--,3,xx-o--o--
192,4,10,5,xx-o--o--,2,xxxo--o--
193,4,10,1,---------,0,x--------
193,4,10,2,x--------,4,x---o----
193,4,10,3,x---o----,1,xx--o----
193,4,10,4,xx--o----,5,xx--oo---
193,4,10,5,xx--oo---,2,xxx-oo---
194,7,5,1,---------,0,x--------
194,7,5,2,x--------,8,x-------o
194,7,5,3,x-------o,5,x----x--o
194,7,5,4,x----x--o,7,x----x-oo
194,7,5,5,x----x-oo,3,x--x-x-oo
194,7,5,6,x--x-x-oo,6,x--x-xooo
195,7,5,1,---------,0,x--------
195,7,5,2,x--------,8,x-------o
195,7,5,3,x-------o,1,xx------o
195,7,5,4,xx------o,3,xx-o----o
195,7,5,5,xx-o----o,5,xx-o-x--o
195,7,5,6,xx-o-x--o,7,xx-o-x-oo
195,7,5,7,xx-o-x-oo,2,xxxo-x-oo
196,8,1,1,---------,0,x--------
196,8,1,2,x--------,6,x-----o--
196,8,1,3,x-----o--,1,xx----o--
196,8,1,4,xx----o--,4,xx--o-o--
196,8,1,5,xx--o-o--,2,xxx-o-o--
197,7,1,1,---------,0,x--------
197,7,1,2,x--------,4,x---o----
197,7,1,3,x---o----,3,x--xo----
197,7,1,4,x--xo----,2,x-oxo----
197,7,1,5,x-oxo----,8,x-oxo---x
197,7,1,6,x-oxo---x,1,xooxo---x
197,7,1,7,xooxo---x,7,xooxo--xx
197,7,1,8,xooxo--xx,6,xooxo-oxx
198,7,1,1,---------,0,x--------
198,7,1,2,x--------,5,x----o---
198,7,1,3,x----o---,3,x--x-o---
198,7,1,4,x--x-o---,6,x--x-oo--
198,7,1,5,x--x-oo--,4,x--xxoo--
198,7,1,6,x--xxoo--,1,xo-xxoo--
198,7,1,7,xo-xxoo--,8,xo-xxoo-x
199,4,5,1,---------,2,--x------
199,4,5,2,--x------,8,--x-----o
199,4,5,3,--x-----o,0,x-x-----o
199,4,5,4,x-x-----o,7,x-x----oo
199,4,5,5,x-x----oo,6,x-x---xoo
199,4,5,6,x-x---xoo,5,x-x--oxoo
199,4,5,7,x-x--oxoo,1,xxx--oxoo
200,4,5,1,---------,0,x--------
200,4,5,2,x--------,8,x-------o
200,4,5,3,x-------o,1,xx------o
200,4,5,4,xx------o,7,xx-----oo
200,4,5,5,xx-----oo,2,xxx----oo
201,4,5,1,---------,0,x--------
201,4,5,2,x--------,8,x-------o
201,4,5,3,x-------o,1,xx------o
201,4,5,4,xx------o,7,xx-----oo
201,4,5,5,xx-----oo,2,xxx----oo
202,6,8,1,---------,0,x--------
202,6,8,2,x--------,1,xo-------
202,6,8,3,xo-------,2,xox------
202,6,8,4,xox------,4,xox-o----
202,6,8,5,xox-o----,3,xoxxo----
202,6,8,6,xoxxo----,5,xoxxoo---
202,6,8,7,xoxxoo---,8,xoxxoo--x
202,6,8,8,xoxxoo--x,6,xoxxooo-x
202,6,8,9,xoxxooo-x,7,xoxxoooxx
203,6,8,1,---------,0,x--------
203,6,8,2,x--------,1,xo-------
203,6,8,3,xo-------,2,xox------
203,6,8,4,xox------,4,xox-o----
203,6,8,5,xox-o----,3,xoxxo----
203,6,8,6,xoxxo----,5,xoxxoo---
203,6,8,7,xoxxoo---,7,xoxxoo-x-
203,6,8,8,xoxxoo-x-,8,xoxxoo-xo
203,6,8,9,xoxxoo-xo,6,xoxxooxxo
204,8,6,1,---------,0,x--------
204,8,6,2,x--------,2,x-o------
204,8,6,3,x-o------,1,xxo------
204,8,6,4,xxo------,3,xxoo-----
204,8,6,5,xxoo-----,4,xxoox----
204,8,6,6,xxoox----,5,xxooxo---
204,8,6,7,xxooxo---,6,xxooxox--
204,8,6,8,xxooxox--,8,xxooxox-o
205,8,6,1,---------,0,x--------
205,8,6,2,x--------,2,x-o------
205,8,6,3,x-o------,1,xxo------
205,8,6,4,xxo------,3,xxoo-----
205,8,6,5,xxoo-----,4,xxoox----
205,8,6,6,xxoox----,5,xxooxo---
205,8,6,7,xxooxo---,6,xxooxox--
205,8,6,8,xxooxox--,8,xxooxox-o
206,8,6,1,---------,0,x--------
206,8,6,2,x--------,2,x-o------
206,8,6,3,x-o------,1,xxo------
206,8,6,4,xxo------,3,xxoo-----
206,8,6,5,xxoo-----,4,xxoox----
206,8,6,6,xxoox----,5,xxooxo---
206,8,6,7,xxooxo---,6,xxooxox--
206,8,6,8,xxooxox--,8,xxooxox-o
207,10,4,1,---------,3,---x-----
207,10,4,2,---x-----,0,o--x-----
207,10,4,3,o--x-----,2,o-xx-----
207,10,4,4,o-xx-----,1,ooxx-----
207,10,4,5,ooxx-----,8,ooxx----x
207,10,4,6,ooxx----x,4,ooxxo---x
207,10,4,7,ooxxo---x,6,ooxxo-x-x
207,10,4,8,ooxxo-x-x,5,ooxxoox-x
207,10,4,9,ooxxoox-x,7,ooxxooxxx
208,10,4,1,---------,3,---x-----
208,10,4,2,---x-----,8,---x----o
208,10,4,3,---x----o,7,---x---xo
208,10,4,4,---x---xo,0,o--x---xo
208,10,4,5,o--x---xo,6,o--x--xxo
208,10,4,6,o--x--xxo,1,oo-x--xxo
208,10,4,7,oo-x--xxo,4,oo-xx-xxo
208,10,4,8,oo-xx-xxo,2,oooxx-xxo
209,10,4,1,---------,3,---x-----
209,10,4,2,---x-----,0,o--x-----
209,10,4,3,o--x-----,4,o--xx----
209,10,4,4,o--xx----,1,oo-xx----
209,10,4,5,oo-xx----,5,oo-xxx---
210,10,4,1,---------,6,------x--
210,10,4,2,------x--,0,o-----x--
210,10,4,3,o-----x--,4,o---x-x--
210,10,4,4,o---x-x--,1,oo--x-x--
210,10,4,5,oo--x-x--,8,oo--x-x-x
210,10,4,6,oo--x-x-x,2,ooo-x-x-x
211,4,7,1,---------,0,x--------
211,4,7,2,x--------,1,xo-------
211,4,7,3,xo-------,2,xox------
211,4,7,4,xox------,7,xox----o-
211,4,7,5,xox----o-,3,xoxx---o-
211,4,7,6,xoxx---o-,4,xoxxo--o-
212,4,7,1,---------,4,----x----
212,4,7,2,----x----,0,o---x----
212,4,7,3,o---x----,1,ox--x----
212,4,7,4,ox--x----,2,oxo-x----
212,4,7,5,oxo-x----,3,oxoxx----
212,4,7,6,oxoxx----,7,oxoxx--o-
212,4,7,7,oxoxx--o-,5,oxoxxx-o-
213,4,7,1,---------,4,----x----
213,4,7,2,----x----,0,o---x----
213,4,7,3,o---x----,1,ox--x----
213,4,7,4,ox--x----,2,oxo-x----
213,4,7,5,oxo-x----,3,oxoxx----
213,4,7,6,oxoxx----,7,oxoxx--o-
213,4,7,7,oxoxx--o-,5,oxoxxx-o-
214,4,7,1,---------,0,x--------
214,4,7,2,x--------,4,x---o----
214,4,7,3,x---o----,1,xx--o----
214,4,7,4,xx--o----,7,xx--o--o-
214,4,7,5,xx--o--o-,2,xxx-o--o-
215,6,4,1,---------,0,x--------
215,6,4,2,x--------,1,xo-------
215,6,4,3,xo-------,2,xox------
215,6,4,4,xox------,3,xoxo-----
215,6,4,5,xoxo-----,4,xoxox----
215,6,4,6,xoxox----,5,xoxoxo---
215,6,4,7,xoxoxo---,8,xoxoxo--x
216,6,4,1,---------,0,x--------
216,6,4,2,x--------,2,x-o------
216,6,4,3,x-o------,3,x-ox-----
216,6,4,4,x-ox-----,1,xoox-----
216,6,4,5,xoox-----,4,xooxx----
216,6,4,6,xooxx----,5,xooxxo---
216,6,4,7,xooxxo---,8,xooxxo--x
217,6,4,1,---------,0,x--------
217,6,4,2,x--------,1,xo-------
217,6,4,3,xo-------,2,xox------
217,6,4,4,xox------,5,xox--o---
217,6,4,5,xox--o---,4,xox-xo---
217,6,4,6,xox-xo---,3,xoxoxo---
217,6,4,7,xoxoxo---,6,xoxoxox--
218,7,10,1,---------,0,x--------
218,7,10,2,x--------,6,x-----o--
218,7,10,3,x-----o--,8,x-----o-x
218,7,10,4,x-----o-x,7,x-----oox
218,7,10,5,x-----oox,4,x---x-oox
219,7,10,1,---------,0,x--------
219,7,10,2,x--------,6,x-----o--
219,7,10,3,x-----o--,8,x-----o-x
219,7,10,4,x-----o-x,1,xo----o-x
219,7,10,5,xo----o-x,4,xo--x-o-x
220,7,10,1,---------,0,x--------
220,7,10,2,x--------,8,x-------o
220,7,10,3,x-------o,1,xx------o
220,7,10,4,xx------o,2,xxo-----o
220,7,10,5,xxo-----o,4,xxo-x---o
220,7,10,6,xxo-x---o,5,xxo-xo--o
